num_of_reviews,id,name
1624,1yx2zLskVTe5WQdYjL2Apw,Egg & I
980,SsGNAc9U-aKPZccnaDtFkA,Meat & Potatoes
638,rNahhyqDlouyDMHh57p3ug,B and B Ristorante
1008,3MmHmJXr8Ltk_Z5EGE4KUw,Carnevino
924,j_pce4pG9krrBeYwUni8Pg,Yard House Town Square
584,LwTK65TMrmtjpdZRloQDwg,Juan's Flaming Fajitas & Cantina
608,uRnyJunCC44SpdPtt1x7xg,Frankie's Tiki Room
699,83DsSlg-swjLzmZnUzq2UA,Settebello Pizzeria Napoletana
545,uiadM74nDbEPGeGQFghK0g,Trattoria Reggiano
538,w4SGmsvFzqyAIs7CSQ_J-g,Ronald's Donuts
798,25fxw_jOqZtJwl18cCarIA,Honey Salt
929,W4A_cYOAHhOQ-wb8E7suvg,Le Reve - The Dream
938,8zL3V6rmFKBess3bxPLAoQ,Cravings Buffet at Mirage
1229,4UVhuOLaMm2-34SrW8y-ag,Ichiza
523,uYVdp5LfCbX8S8ytnhdk-g,Luv-It Frozen Custard
1793,5paMI5Hhciyl09yGpzdoJw,The Palazzo Las Vegas
710,i3ogCoQD4MY_sR73GCk-BA,Nora's Italian Cuisine
2988,AtjsjFzalWqJ7S9DUFQ4bw,The Cosmopolitan of Las Vegas
683,AkOruz5CrCxUmXe1p_WoRg,Cherryblossom Noodle Cafe
611,FV0BkoGOd3Yu_eJnXY15ZA,Cowboy Ciao
552,aYAlzKHwXQn6JNLweRnZjQ,Nacho Daddy Henderson
782,CrlViaCIcMeQuZc63tbdQA,Imperial Palace Hotel & Casino
1331,LLDGTT7FExklkQvHebEjRg,Joe's Seafood Prime Steak & Stone Crab
564,Az85N0Z4OKxOAzGdigi1nA,Du-Par's Restaurant and Bakery
544,m9haUi2_1lHR2eAKBhKwDg,Federal Pizza
750,wNsmt1hF1uv3YvbwXZMAoQ,O.H.S.O. Eatery + NanoBrewery
521,cBpJIOrVXotDI0XAZH_k0g,Yard House
777,D_BMUHbZk67hzRcK3xQQmg,Mount Everest India's Cuisine
767,UEUQS4z7s-DRzQjky92KYw,Pink Taco
532,jh7S78tc9oXCDjAjP_OrLw,India Palace
623,mxrXVZWc6PWk81gvOVNOUw,Roaring Fork
544,b5cEoKR8iQliq-yT2_O0LQ,Carlsbad Tavern
1872,Ht8mXLuqJSTPrU9kvzosUA,Marquee
572,xxOQ7h6s3InV8o8DOVHlMA,Island Style
1777,WIlklz81DcJkUWJThbnJbQ,Vdara Hotel
501,_45p8kOA__aNycVVe-n-KA,Planet Dailies
595,uqisw8IXD5ZutU4MT2MQVw,Social House
2922,tFU2Js_nbIZOrnKfYJYBBg,Bouchon at The Venetian
597,_rrWTz0W1K_eWafh-8r3fA,Black Dog Smoke & Ale House
507,cwAd2nytPLKmABtLXsgpIw,Culinary Dropout
1937,jOuERtVf7QePnK9ZcdH5XA,Grand Lux Cafe
913,-sC66z4SO3tR7nFCjfQwuQ,Gallo Blanco
725,tcphcsPONrP82kUyvcELoA,Noodle Asia
1438,HyfFenprdpIA4rmKu6DW3g,Oyster Bar
553,2ceeU8e3nZjaPfGmLwh4kg,Casey Moore's Oyster House
876,N50HceZf1595UtU867u4uQ,Fleur by Hubert Keller
3811,aGbjLWzcrnEx2ZmMCFm3EA,Gordon Ramsay BurGR
861,8Pzdk19tA2bKlKDSgwWqoQ,Scarpetta
729,ntN85eu27C04nwyPa8IHtw,Matt's Big Breakfast
1445,mPDE4dMqAyLZNCR-tEYQ5w,KA by Cirque Du Soleil
522,guLkdetJ603Bw_A6tuecIg,The Henry
1374,zTCCbg7mGslxACL5KlAPIQ,The Buffet at ARIA
561,WzDvQdS7MQrWK7vyDjdR4Q,"Umami Burger, Beer Garden & Sports Book"
1716,HbUQ_3dlm3uCacmhTEMnuA,Tom Colicchio's Craftsteak
762,DXkZRQ--Utku9wYbZ97Yjw,Surrender Nightclub
1786,hW0Ne_HTHEAgGF1rAdmR-g,Phoenix Sky Harbor International Airport - PHX
3478,Xhg93cMdemu5pAMkDoEdtQ,Serendipity 3
579,l2lpBXx8jKl87J2szyJRuQ,Fashion Show
667,OE5nAmaSVaopeRS1Cs9Kuw,Fogo de Chão Brazilian Steakhouse
578,Lq6CDJ2yHmMs4N7jscQhHQ,RA Sushi Bar Restaurant
978,adv1-kA6k2N4L-e4zULuNg,Fremont Street Experience
2531,jf67Z1pnwElRSXllpQHiJg,McCarran International Airport - LAS
806,blgSBn3CimrCHn2SuZvcZw,Viva Las Arepas
2130,BqrTtox0JbG-P_DKBB5bBw,Holstein's Shakes & Buns
614,cmv6wUUe-H0xRiFEY0__iQ,Graze
606,6X9iyuM2XdoCGT4q9qv5cA,JJANGA Japanese Restaurant
1013,szw8OGJlsqaA3i2oe7dn9A,Jean Philippe Patisserie
4390,sIyHTizqAiGu12XMLX3N3g,Bacchanal Buffet
563,ZgWUM594Yqk52IvBgoIrdA,M & M's World
1302,YrIfgzLj0DPStJ1ESAS_Qg,Hot N Juicy Crawfish
888,L9UYbtAUOcfTgZFimehlXw,Liberty Market
546,bqYrEwL5xjqv0u8XAij--Q,Tea Station
502,v1aLzjTphPc6IGIy9k96vg,The Stand
550,3w5gd4EuSc75UKYMJiNUPA,Aureole
1104,EWMwV5V9BxNs_U6nNVMeqw,FEZ
1116,m7icEOgYpM3B8TlbYsKPzg,Cirque du Soleil - Zumanity
549,_xmJB767rROtAy6XepMlkQ,The Buffet at Treasure Island
1613,VVeogjZya58oiTxK7qUjAQ,Pizzeria Bianco
793,DqY2VlbRuQ3Mu2mlxd4xUQ,Cirque du Soleil - Mystère
567,JZWCBnrqU27DF8SOQq5yrw,HAZE
522,FqzgT9Y-Yu7jiWdHnGW-kQ,The Vig
2818,lliksv-tglfUz1T3B3vgvA,Lotus of Siam
982,iXA8Y2bzvZo8MjALfZxrIg,Margaritaville
1907,FV16IeXJp2W6pnghTz2FAw,Pho Kim Long
813,_FXql6eVhbM923RdCi94SA,Hula's Modern Tiki
544,lAher1puKzN9r3LALx-JqQ,John Mull's Meats & Road Kill Grill
990,ryvMJK6AlbU35HKrlFT61w,Texas de Brazil
1927,iUPJmJvHy9fVfRxsuwwdLQ,Gangnam Asian BBQ Dining
511,eltTG6JOr9cg5FRAgGy8Jw,Phoenix Public Market Cafe
618,IVc23uY-36WUNYoIbz42Fg,Switch Restaurant & Wine Bar
2457,eWPFXL1Bmu1ImtIa2Rqliw,MGM Grand Hotel
895,3OB5gQqibKGTzx9R1w7wKQ,SkinnyFATS
780,_G5pDGRJL0mhLRgIViW2sA,Cirque du Soleil - Criss Angel Believe
1798,G0nUhYF2q4tnoOPwCjXLig,Excalibur Hotel
583,GJp4zTQPPsCEkUitopGfAQ,Stack Restaurant & Bar
1339,V1nEpIRmEa1768oj_tuxeQ,Cibo
820,OiCxoAIoBvEWxf7p1qVVmA,Sage
676,qT4w8n27RBQ_slz_FiK0CQ,Snooze an AM Eatery
599,GhQQsSApIRfUmIcqzmSaGA,Spirit Airlines
760,FURgKkRFtMK5yKbjYZVVwA,Windsor
